model,target,interval_score,dispersion,underprediction,overprediction,coverage_deviation,bias,ae_median,coverage_50,coverage_80
bvar_ciss,ngdp_rpch,1.18832038208579,0.641741211496263,0.0518075546883748,0.49477161590115,-0.0136363636363637,,,0.518181818181818,0.754545454545455
bvar_ciss,pcpi_pch,0.724935376421363,0.259753857585757,0.343298335262451,0.121883183573156,-0.179545454545455,,,0.354545454545455,0.586363636363636
bvar_qu,ngdp_rpch,1.16570574407245,0.612546399680611,0.0548936915882058,0.498265652803636,-0.00454545454545457,,,0.518181818181818,0.772727272727273
bvar_qu,pcpi_pch,0.677128260765481,0.423030218869123,0.172161791764695,0.0819362501316629,-0.0159090909090909,,,0.490909090909091,0.777272727272727
