model,target,interval_score,dispersion,underprediction,overprediction,coverage_deviation,bias,ae_median,coverage_50,coverage_80
bvar_ciss,ngdp_rpch,0.770655941637232,0.301725884794733,0.149916247390323,0.319013809452176,-0.173913043478261,,,0.352173913043478,0.6
bvar_ciss,pcpi_pch,0.373384619284468,0.223502878154643,0.060090095859377,0.0897916452704474,-0.0130434782608696,,,0.526086956521739,0.747826086956522
bvar_qu,ngdp_rpch,0.69186360890657,0.270428953342659,0.0239288461945913,0.39750580936932,-0.16,,,0.391111111111111,0.588888888888889
bvar_qu,pcpi_pch,0.460787130498165,0.339320908896543,0.0391736319359279,0.0822925896656941,0.0577777777777778,,,0.575555555555556,0.84
