model,target,interval_score,dispersion,underprediction,overprediction,interval_score_50,interval_score_80,unweighted_interval_score,coverage_50,coverage_80,qucoverage_10,qucoverage_25,qucoverage_75,qucoverage_90
ar,ngdp_rpch,0.841485111573149,0.292359530426797,0.0273135817832309,0.521811999363121,1.79970069346931,3.20124725361923,2.50047397354427,0.444444444444444,0.697777777777778,0.262222222222222,0.484444444444445,0.928888888888889,0.96
ar,pcpi_pch,0.63302254808129,0.364050314548512,0.0415833332047846,0.227388900327993,2.1229250507527,3.95952416419039,3.04122460747155,0.677777777777778,0.911111111111111,0.0488888888888889,0.231111111111111,0.908888888888889,0.96
ar_bic,ngdp_rpch,0.8301803438967,0.294702948863763,0.0288614175743726,0.506615977458565,1.80975698326226,3.22589800283742,2.51782749304984,0.462222222222222,0.697777777777778,0.26,0.464444444444444,0.926666666666667,0.957777777777778
ar_bic,pcpi_pch,0.513309010868843,0.28935501693525,0.0749125173397426,0.14904147659385,1.69555061600347,3.14997345718179,2.42276203659263,0.653333333333333,0.884444444444445,0.0511111111111111,0.166666666666667,0.82,0.935555555555556
bvar_const,ngdp_rpch,0.790423976093392,0.267031511865769,0.032830987445887,0.490561476781736,1.64807636717057,2.93781688587851,2.29294662652454,0.455555555555556,0.657777777777778,0.293333333333333,0.46,0.915555555555556,0.951111111111111
bvar_const,pcpi_pch,0.645018144477158,0.386273908247094,0.0471755510381166,0.211568685191948,2.24314938088423,4.2174537214609,3.23030155117257,0.668888888888889,0.893333333333333,0.0422222222222222,0.202222222222222,0.871111111111111,0.935555555555556
bvar_qu,ngdp_rpch,0.760956280124261,0.214075270780763,0.0432582019919781,0.50362280735152,1.34903116851657,2.40004065149246,1.87453591000451,0.391111111111111,0.588888888888889,0.342222222222222,0.484444444444445,0.875555555555556,0.931111111111111
bvar_qu,pcpi_pch,0.516206363246631,0.268333746802353,0.0673733615280323,0.180499254916246,1.56825725920497,2.98833563150187,2.27829644535342,0.575555555555556,0.84,0.0688888888888889,0.248888888888889,0.824444444444444,0.908888888888889
