model,target,interval_score,dispersion,underprediction,overprediction,interval_score_50,interval_score_80,coverage_50,coverage_80,qucoverage_10,qucoverage_25,qucoverage_75,qucoverage_90
bvar_ciss,ngdp_rpch,1.21206961297165,0.507935161439599,0.0904330861367893,0.613701365395261,2.86593676410848,6.11259339425008,0.518181818181818,0.754545454545455,0.209090909090909,0.4,0.918181818181818,0.963636363636364
bvar_ciss,pcpi_pch,0.828510769532354,0.209555946729049,0.421801427641272,0.197153395162033,1.29402326341469,2.3698601305966,0.354545454545455,0.586363636363636,0.213636363636364,0.377272727272727,0.731818181818182,0.8
bvar_qu,ngdp_rpch,1.2049042259343,0.488531866210924,0.0857637652283786,0.630608594495,2.78999654137053,5.72701138703653,0.518181818181818,0.772727272727273,0.195454545454545,0.418181818181818,0.936363636363636,0.968181818181818
bvar_qu,pcpi_pch,0.779751140432609,0.340025268230812,0.265648864363776,0.174077007838021,1.93279259804084,3.87053299436549,0.490909090909091,0.777272727272727,0.104545454545455,0.277272727272727,0.768181818181818,0.881818181818182
