model,error_method,method,target,interval_score,dispersion,underprediction,overprediction,coverage_deviation,bias,ae_median,coverage_50,coverage_80
IMF,directional,rolling window,ngdp_rpch,0.627352090545647,0.235010725027317,0.131545440202329,0.260795925316001,-0.127083333333333,,,0.4125,0.633333333333333
IMF,directional,rolling window,pcpi_pch,0.367766654237984,0.135721978226845,0.164453038196211,0.0675916378149276,-0.170833333333333,,,0.370833333333333,0.5875
ar,directional,rolling window,ngdp_rpch,0.648211760724163,0.20714117126956,0.0784347403142459,0.362635849140357,-0.129166666666667,,,0.4125,0.629166666666667
ar,directional,rolling window,pcpi_pch,0.402949296707028,0.131145991213844,0.169142005204903,0.102661300288281,-0.175,,,0.354166666666667,0.595833333333333
bvar,directional,rolling window,ngdp_rpch,0.647317052620932,0.212689185962319,0.0975122980415596,0.337115568617053,-0.116666666666667,,,0.4125,0.654166666666667
bvar,directional,rolling window,pcpi_pch,0.420822969088674,0.131955914849296,0.205052198501813,0.0838148557375653,-0.20625,,,0.295833333333333,0.591666666666667
