model,error_method,method,target,interval_score,dispersion,underprediction,overprediction,coverage_deviation,bias,ae_median,coverage_50,coverage_80
IMF,absolute,rolling window,ngdp_rpch,0.79648421042224,0.266428743567447,0.123672771202926,0.406382695651867,-2.21968217953788e-17,,,0.568181818181818,0.731818181818182
IMF,absolute,rolling window,pcpi_pch,0.634157766566223,0.212304452847084,0.381933510881221,0.0399198028379178,-0.0409090909090909,,,0.495454545454546,0.722727272727273
ar,absolute,rolling window,ngdp_rpch,0.992931785787034,0.381571131007633,0.0882339665802454,0.523126688199156,0.0181818181818182,,,0.540909090909091,0.795454545454545
ar,absolute,rolling window,pcpi_pch,0.706911830679333,0.316723524940917,0.225396184848381,0.164792120890034,-0.138636363636364,,,0.372727272727273,0.65
bvar,absolute,rolling window,ngdp_rpch,1.00787096181408,0.318100821239064,0.104174687637692,0.585595452937324,-0.00454545454545457,,,0.518181818181818,0.772727272727273
bvar,absolute,rolling window,pcpi_pch,0.684009579945923,0.236994712817288,0.319955173831029,0.127059693297606,-0.154545454545455,,,0.363636363636364,0.627272727272727
