model,error_method,method,target,interval_score,dispersion,underprediction,overprediction,interval_score_50,interval_score_80,coverage_50,coverage_80,qucoverage_10,qucoverage_25,qucoverage_75,qucoverage_90
IMF,directional,rolling window,ngdp_rpch,0.627352090545647,0.235010725027317,0.131545440202329,0.260795925316001,1.22216395649528,1.9819151921646,0.4125,0.633333333333333,0.2375,0.3625,0.775,0.870833333333333
IMF,directional,rolling window,pcpi_pch,0.367766654237984,0.135721978226845,0.164453038196211,0.0675916378149276,0.70171390058126,1.15991706408746,0.370833333333333,0.5875,0.108333333333333,0.175,0.545833333333333,0.695833333333333
ar,directional,rolling window,ngdp_rpch,0.648211760724163,0.20714117126956,0.0784347403142459,0.362635849140357,1.08149140304133,1.80699425815011,0.4125,0.629166666666667,0.2375,0.366666666666667,0.779166666666667,0.866666666666667
ar,directional,rolling window,pcpi_pch,0.402949296707028,0.131145991213844,0.169142005204903,0.102661300288281,0.673885395434789,1.16692923338355,0.354166666666667,0.595833333333333,0.129166666666667,0.204166666666667,0.558333333333333,0.725
bvar,directional,rolling window,ngdp_rpch,0.647317052620932,0.212689185962319,0.0975122980415596,0.337115568617053,1.10047377244466,1.86383005981171,0.4125,0.654166666666667,0.2,0.341666666666667,0.754166666666667,0.854166666666667
bvar,directional,rolling window,pcpi_pch,0.420822969088674,0.131955914849296,0.205052198501813,0.0838148557375653,0.684357926517554,1.17751327044721,0.295833333333333,0.591666666666667,0.104166666666667,0.204166666666667,0.5,0.695833333333333
