model,error_method,method,target,interval_score,dispersion,underprediction,overprediction,coverage_deviation,bias,ae_median,coverage_50,coverage_80
IMF,absolute,rolling window,ngdp_rpch,0.64653529811536,0.284771152824065,0.0605495134933812,0.301214631797914,-0.0645833333333334,,,0.4625,0.708333333333333
IMF,absolute,rolling window,pcpi_pch,0.357026468111677,0.172105775337692,0.132451122280278,0.0524695704937068,-0.0979166666666667,,,0.416666666666667,0.6875
ar,absolute,rolling window,ngdp_rpch,0.811494300534866,0.331748316152536,0.0111303515165737,0.468615632865757,-0.0958333333333334,,,0.4125,0.695833333333333
ar,absolute,rolling window,pcpi_pch,0.49939896947524,0.334834581798939,0.0312747108966236,0.133289676779677,0.0229166666666666,,,0.575,0.770833333333333
bvar,absolute,rolling window,ngdp_rpch,0.742453257952922,0.274212917865286,0.0222965254625953,0.445943814625041,-0.0958333333333334,,,0.4,0.708333333333333
bvar,absolute,rolling window,pcpi_pch,0.418632592627141,0.259883092319984,0.0596368849755658,0.0991126153315914,-0.00416666666666669,,,0.545833333333333,0.745833333333333
