model,error_method,method,target,interval_score,dispersion,underprediction,overprediction,interval_score_50,interval_score_80,coverage_50,coverage_80,qucoverage_10,qucoverage_25,qucoverage_75,qucoverage_90
IMF,absolute,rolling window,ngdp_rpch,0.796761031394399,0.266428743567447,0.123644741766513,0.406687546060439,1.31994122240861,2.46061067831691,0.568181818181818,0.736363636363636,0.131818181818182,0.209090909090909,0.777272727272727,0.868181818181818
IMF,absolute,rolling window,pcpi_pch,0.634157766566223,0.212304452847084,0.381933510881221,0.0399198028379178,1.12983975160176,1.76137403272745,0.495454545454546,0.722727272727273,0.0863636363636364,0.245454545454545,0.740909090909091,0.809090909090909
ar,absolute,rolling window,ngdp_rpch,0.993054942243209,0.381571131007633,0.0879145978604107,0.523569213375166,1.94926072796057,3.25611670907201,0.540909090909091,0.790909090909091,0.168181818181818,0.395454545454545,0.936363636363636,0.959090909090909
ar,absolute,rolling window,pcpi_pch,0.706911830679333,0.316723524940917,0.225396184848381,0.164792120890034,1.68016124387745,2.47287143423816,0.372727272727273,0.65,0.186363636363636,0.395454545454545,0.768181818181818,0.836363636363636
bvar,absolute,rolling window,ngdp_rpch,1.00782933059426,0.318100821239064,0.103835813989999,0.585892695365193,1.61299474824162,2.88814622787423,0.518181818181818,0.772727272727273,0.195454545454545,0.413636363636364,0.931818181818182,0.968181818181818
bvar,absolute,rolling window,pcpi_pch,0.683116845862023,0.236994712817288,0.319955173831029,0.126166959213706,1.25418954715759,1.97923906531278,0.363636363636364,0.631818181818182,0.177272727272727,0.35,0.713636363636364,0.809090909090909
