model,error_method,method,target,interval_score,dispersion,underprediction,overprediction,coverage_deviation,bias,ae_median,coverage_50,coverage_80
IMF,absolute,rolling window,ngdp_rpch,0.64702352457641,0.284771152824065,0.0604753388189847,0.30177703293336,-0.0625,,,0.4625,0.7125
IMF,absolute,rolling window,pcpi_pch,0.356805043350889,0.172105775337692,0.132853508953777,0.0518457590594192,-0.0979166666666667,,,0.416666666666667,0.6875
ar,absolute,rolling window,ngdp_rpch,0.811699450231046,0.331748316152536,0.0111855612071294,0.468765572871381,-0.102083333333333,,,0.408333333333333,0.6875
ar,absolute,rolling window,pcpi_pch,0.49939896947524,0.334834581798939,0.0312747108966236,0.133289676779677,0.0229166666666666,,,0.575,0.770833333333333
bvar,absolute,rolling window,ngdp_rpch,0.742015088772882,0.274212917865286,0.0222017953141953,0.445600375593401,-0.09375,,,0.404166666666667,0.708333333333333
bvar,absolute,rolling window,pcpi_pch,0.418632592627141,0.259883092319984,0.0596368849755658,0.0991126153315914,-0.00416666666666669,,,0.545833333333333,0.745833333333333
