model,error_method,method,target,interval_score,dispersion,underprediction,overprediction,coverage_deviation,bias,ae_median,coverage_50,coverage_80
IMF,absolute,rolling window,ngdp_rpch,0.796761031394399,0.266428743567447,0.123644741766513,0.406687546060439,0.00227272727272725,,,0.568181818181818,0.736363636363636
IMF,absolute,rolling window,pcpi_pch,0.634157766566223,0.212304452847084,0.381933510881221,0.0399198028379178,-0.0409090909090909,,,0.495454545454546,0.722727272727273
ar,absolute,rolling window,ngdp_rpch,0.993054942243209,0.381571131007633,0.0879145978604107,0.523569213375166,0.0159090909090909,,,0.540909090909091,0.790909090909091
ar,absolute,rolling window,pcpi_pch,0.706911830679333,0.316723524940917,0.225396184848381,0.164792120890034,-0.138636363636364,,,0.372727272727273,0.65
bvar,absolute,rolling window,ngdp_rpch,1.00782933059426,0.318100821239064,0.103835813989999,0.585892695365193,-0.00454545454545457,,,0.518181818181818,0.772727272727273
bvar,absolute,rolling window,pcpi_pch,0.683116845862023,0.236994712817288,0.319955173831029,0.126166959213706,-0.152272727272727,,,0.363636363636364,0.631818181818182
