model,error_method,method,target,interval_score,dispersion,underprediction,overprediction,interval_score_50,interval_score_80,coverage_50,coverage_80,qucoverage_10,qucoverage_25,qucoverage_75,qucoverage_90
IMF,absolute,rolling window,ngdp_rpch,0.64653529811536,0.284771152824065,0.0605495134933812,0.301214631797914,1.41596044411767,2.47873728835821,0.4625,0.708333333333333,0.229166666666667,0.3875,0.85,0.9375
IMF,absolute,rolling window,pcpi_pch,0.357026468111677,0.172105775337692,0.132451122280278,0.0524695704937068,0.884810442546249,1.39508538166192,0.416666666666667,0.6875,0.0833333333333333,0.141666666666667,0.558333333333333,0.770833333333333
ar,absolute,rolling window,ngdp_rpch,0.811494300534866,0.331748316152536,0.0111303515165737,0.468615632865757,1.71877725913965,2.74660415511681,0.4125,0.695833333333333,0.283333333333333,0.504166666666667,0.916666666666667,0.979166666666667
ar,absolute,rolling window,pcpi_pch,0.49939896947524,0.334834581798939,0.0312747108966236,0.133289676779677,1.76462099523604,2.42961780396196,0.575,0.770833333333333,0.133333333333333,0.25,0.825,0.904166666666667
bvar,absolute,rolling window,ngdp_rpch,0.742453257952922,0.274212917865286,0.0222965254625953,0.445943814625041,1.38522661815938,2.42314477069154,0.4,0.708333333333333,0.2625,0.5,0.9,0.970833333333333
bvar,absolute,rolling window,pcpi_pch,0.418632592627141,0.259883092319984,0.0596368849755658,0.0991126153315914,1.33982838961473,1.98976705585467,0.545833333333333,0.745833333333333,0.0958333333333333,0.1875,0.733333333333333,0.841666666666667
