model,target,interval_score,dispersion,underprediction,overprediction,coverage_deviation,bias,ae_median,coverage_50,coverage_80
bvar_ciss,ngdp_rpch,1.08947238601762,0.641741211496263,0.0803906682158526,0.367340506305502,0.138636363636364,,,0.695454545454545,0.881818181818182
bvar_ciss,pcpi_pch,0.578651732117244,0.259753857585757,0.204131630329295,0.114766244202192,-0.140909090909091,,,0.359090909090909,0.659090909090909
bvar_qu,ngdp_rpch,1.06236892070141,0.612546399680611,0.0812079575111065,0.368614563509695,0.136363636363636,,,0.686363636363636,0.886363636363636
bvar_qu,pcpi_pch,0.569058619194588,0.423030218869123,0.0727360632668976,0.0732923370585674,0.0318181818181818,,,0.522727272727273,0.840909090909091
