model,error_method,method,target,interval_score,dispersion,underprediction,overprediction,coverage_deviation,bias,ae_median,coverage_50,coverage_80
IMF,directional,rolling window,ngdp_rpch,0.780713859381706,0.281299236098731,0.173313768460594,0.326100854822381,-0.127083333333333,,,0.4,0.645833333333333
IMF,directional,rolling window,pcpi_pch,0.35310171705238,0.136004488105699,0.15870341286466,0.0583938160820204,-0.16875,,,0.366666666666667,0.595833333333333
ar,directional,rolling window,ngdp_rpch,0.663900338947496,0.187768732330317,0.073551287866687,0.402580318750492,-0.0854166666666667,,,0.433333333333333,0.695833333333333
ar,directional,rolling window,pcpi_pch,0.368098884814137,0.110083271533973,0.162037686768677,0.0959779265114875,-0.195833333333333,,,0.333333333333333,0.575
bvar,directional,rolling window,ngdp_rpch,0.652903108839405,0.193078693206443,0.0829565744658713,0.376867841167091,-0.0729166666666667,,,0.4625,0.691666666666667
bvar,directional,rolling window,pcpi_pch,0.398101181087708,0.111667875540353,0.20200087921357,0.084432426333785,-0.229166666666667,,,0.295833333333333,0.545833333333333
