model,error_method,method,target,interval_score,dispersion,underprediction,overprediction,coverage_deviation,bias,ae_median,coverage_50,coverage_80
IMF,absolute,rolling window,ngdp_rpch,0.720474985043585,0.357307301846945,0.0927278724319756,0.270439810764665,-0.00833333333333336,,,0.529166666666667,0.754166666666667
IMF,absolute,rolling window,pcpi_pch,0.319367572993087,0.180925003761051,0.0817300197066766,0.0567125495253595,-0.0395833333333334,,,0.495833333333333,0.725
ar,absolute,rolling window,ngdp_rpch,0.765934760610102,0.285637554560189,0.00747282814789619,0.472824377902017,-0.0833333333333334,,,0.425,0.708333333333333
ar,absolute,rolling window,pcpi_pch,0.49377332989839,0.349016265051545,0.0150033025859943,0.129753762260851,0.0166666666666666,,,0.5625,0.770833333333333
bvar,absolute,rolling window,ngdp_rpch,0.70077797779543,0.23252581641555,0.0240483736929612,0.444203787686919,-0.0833333333333334,,,0.4375,0.695833333333333
bvar,absolute,rolling window,pcpi_pch,0.401467787615119,0.266097820594927,0.0330199936833704,0.102349973336822,0.0291666666666666,,,0.604166666666667,0.754166666666667
