model,error_method,method,target,interval_score,dispersion,underprediction,overprediction,coverage_deviation,bias,ae_median,coverage_50,coverage_80
IMF,absolute,rolling window,ngdp_rpch,0.892216995449445,0.300667562040026,0.259953033934064,0.331596399475354,0.0068181818181818,,,0.563636363636364,0.75
IMF,absolute,rolling window,pcpi_pch,0.577135221167367,0.190608032971494,0.291371943680554,0.0951552445153193,-0.109090909090909,,,0.427272727272727,0.654545454545455
ar,absolute,rolling window,ngdp_rpch,0.933909426412163,0.320913889457297,0.184048070686791,0.428947466268075,-0.0159090909090909,,,0.513636363636364,0.754545454545455
ar,absolute,rolling window,pcpi_pch,0.582001056992425,0.327792000893433,0.112935475143491,0.141273580955502,-0.140909090909091,,,0.390909090909091,0.627272727272727
bvar,absolute,rolling window,ngdp_rpch,0.893130226501329,0.266291646237938,0.170612227709465,0.456226352553926,-0.00454545454545457,,,0.536363636363636,0.754545454545455
bvar,absolute,rolling window,pcpi_pch,0.551561039608782,0.229222397067582,0.200780916910755,0.121557725630445,-0.177272727272727,,,0.336363636363636,0.609090909090909
