model,target,interval_score,dispersion,underprediction,overprediction,coverage_deviation,bias,ae_median,coverage_50,coverage_80
bvar_ciss,ngdp_rpch,0.713681578129567,0.301725884794733,0.136144818921361,0.275810874413472,-0.0152173913043478,,,0.504347826086957,0.765217391304348
bvar_ciss,pcpi_pch,0.340153841154028,0.223502878154643,0.0180934334553769,0.0985575295440081,0.0891304347826087,,,0.630434782608696,0.847826086956522
bvar_qu,ngdp_rpch,0.587731947338322,0.270428953342659,0.0262812494331248,0.291021744562538,-0.0133333333333334,,,0.495555555555556,0.777777777777778
bvar_qu,pcpi_pch,0.437678631397873,0.339320908896543,0.00739277875711264,0.0909649437442177,0.116666666666667,,,0.62,0.913333333333333
