model,error_method,method,target,interval_score,dispersion,underprediction,overprediction,coverage_deviation,bias,ae_median,coverage_50,coverage_80
IMF,directional,rolling window,ngdp_rpch,0.689583224765474,0.236853927562529,0.158946660481377,0.293782636721568,-0.17827380952381,,,0.357142857142857,0.586309523809524
IMF,directional,rolling window,pcpi_pch,0.366276867015927,0.12349613109664,0.140884811273112,0.101895924646175,-0.179761904761905,,,0.366071428571429,0.574404761904762
ar,directional,rolling window,ngdp_rpch,0.735853558256078,0.214313115639197,0.144359464578352,0.377180978038529,-0.194642857142857,,,0.351190476190476,0.55952380952381
ar,directional,rolling window,pcpi_pch,0.38987451113874,0.122793715140399,0.144884589508253,0.122196206490088,-0.206547619047619,,,0.321428571428571,0.565476190476191
bvar,directional,rolling window,ngdp_rpch,0.743677694525136,0.217295789231529,0.166386960660498,0.359994944633109,-0.200595238095238,,,0.336309523809524,0.5625
bvar,directional,rolling window,pcpi_pch,0.424813605432783,0.128776827388809,0.187227834559936,0.108808943484038,-0.224404761904762,,,0.3125,0.538690476190476
