model,target,interval_score,dispersion,underprediction,overprediction,coverage_deviation,bias,ae_median,coverage_50,coverage_80
bvar_qu,ngdp_rpch,0.772747345432143,0.29925425993983,0.0474833954076591,0.426009690084653,-0.172321428571429,,,0.383928571428571,0.571428571428571
bvar_qu,pcpi_pch,0.471082482447405,0.361336510690208,0.0248135649432431,0.0849324068139539,0.0806547619047619,,,0.607142857142857,0.854166666666667
