model,target,interval_score,dispersion,underprediction,overprediction,interval_score_50,interval_score_80,coverage_50,coverage_80,qucoverage_10,qucoverage_25,qucoverage_75,qucoverage_90
bvar_ciss,ngdp_rpch,0.882285549520612,0.245533521615572,0.212546186082072,0.424205841822967,1.50528837899083,2.68276627429086,0.352173913043478,0.6,0.273913043478261,0.430434782608696,0.782608695652174,0.873913043478261
bvar_ciss,pcpi_pch,0.424849242590264,0.181292991657258,0.105761904088198,0.137794346844808,1.04850971461583,1.98636466379667,0.526086956521739,0.747826086956522,0.0956521739130435,0.191304347826087,0.717391304347826,0.843478260869565
bvar_qu,ngdp_rpch,0.8916818464433,0.243456582913113,0.0723889369064793,0.575836326623707,1.49784212913093,2.66653006587754,0.386904761904762,0.565476190476191,0.330357142857143,0.467261904761905,0.854166666666667,0.895833333333333
bvar_qu,pcpi_pch,0.535114085087998,0.289358227443828,0.0591048582475296,0.186650999396641,1.63921002321875,3.14312984698274,0.601190476190476,0.851190476190476,0.0744047619047619,0.241071428571429,0.842261904761905,0.925595238095238
