model,target,interval_score,dispersion,underprediction,overprediction,coverage_deviation,bias,ae_median,coverage_50,coverage_80
bvar_ciss,ngdp_rpch,0.770655941637232,0.301725884794733,0.149916247390323,0.319013809452176,-0.173913043478261,,,0.352173913043478,0.6
bvar_ciss,pcpi_pch,0.373384619284468,0.223502878154643,0.060090095859377,0.0897916452704474,-0.0130434782608696,,,0.526086956521739,0.747826086956522
bvar_qu,ngdp_rpch,0.78956028193399,0.299475943677949,0.0456973026146267,0.444387035641415,-0.173809523809524,,,0.386904761904762,0.565476190476191
bvar_qu,pcpi_pch,0.468716360682727,0.356338153965556,0.0248004477383796,0.0875777589787912,0.0761904761904762,,,0.601190476190476,0.851190476190476
