model,target,interval_score,dispersion,underprediction,overprediction,coverage_deviation,bias,ae_median,coverage_50,coverage_80
bvar_ciss,ngdp_rpch,0.770655941637232,0.301725884794733,0.149916247390323,0.319013809452176,-0.173913043478261,,,0.352173913043478,0.6
bvar_ciss,pcpi_pch,0.373384619284468,0.223502878154643,0.060090095859377,0.0897916452704474,-0.0130434782608696,,,0.526086956521739,0.747826086956522
bvar_qu,ngdp_rpch,0.758299090244942,0.301408486232649,0.0317809794701926,0.425109624542101,-0.161111111111111,,,0.39047619047619,0.587301587301587
bvar_qu,pcpi_pch,0.499748780112815,0.362929134929068,0.0297749048384733,0.107044740345274,0.0587301587301587,,,0.563492063492063,0.853968253968254
