model,target,interval_score,dispersion,underprediction,overprediction,coverage_deviation,bias,ae_median,coverage_50,coverage_80
bvar_ciss,ngdp_rpch,1.18832038208579,0.641741211496263,0.0518075546883748,0.49477161590115,-0.0136363636363637,,,0.518181818181818,0.754545454545455
bvar_ciss,pcpi_pch,0.724935376421363,0.259753857585757,0.343298335262451,0.121883183573156,-0.179545454545455,,,0.354545454545455,0.586363636363636
bvar_qu,ngdp_rpch,1.13147434248966,0.579119095551466,0.0449584692368966,0.507396777701293,-0.0131756756756757,,,0.52027027027027,0.753378378378378
bvar_qu,pcpi_pch,0.614870507825362,0.412071068802374,0.135481967566919,0.0673174714560683,0.0256756756756757,,,0.530405405405405,0.820945945945946
