model,target,horizon,interval_score,dispersion,underprediction,overprediction,coverage_deviation,bias,ae_median,coverage_50,coverage_80
bvar_qu,ngdp_rpch,0,0.378075332764356,0.0516960201815005,0.119105322883612,0.207273989699243,-0.483333333333333,,,0.119047619047619,0.214285714285714
bvar_qu,ngdp_rpch,0.5,0.51492713174411,0.232516177934777,0.0504899509931348,0.231921002816198,-0.102380952380952,,,0.428571428571429,0.666666666666667
bvar_qu,ngdp_rpch,1,0.990515967026993,0.425003721408876,0.00725165377653625,0.558260591841581,-0.0488095238095238,,,0.5,0.702380952380952
bvar_qu,ngdp_rpch,1.5,1.20747095019311,0.487801120234168,0.0130866539773528,0.706583175981592,-0.0547619047619048,,,0.488095238095238,0.702380952380952
bvar_qu,pcpi_pch,0,0.125183130165239,0.0430719774351307,0.0570557831274154,0.0250553696026926,-0.120238095238095,,,0.416666666666667,0.642857142857143
bvar_qu,pcpi_pch,0.5,0.298008014070459,0.236641681236871,0.0332621946402732,0.0281041381933154,0.141666666666667,,,0.666666666666667,0.916666666666667
bvar_qu,pcpi_pch,1,0.650550049273616,0.504835701415863,0.007954877960055,0.137759469897699,0.147619047619048,,,0.666666666666667,0.928571428571429
bvar_qu,pcpi_pch,1.5,0.810588736280307,0.66079668267297,0.000981404045228631,0.148810649562109,0.153571428571429,,,0.678571428571429,0.928571428571429
