model,target,interval_score,dispersion,underprediction,overprediction,interval_score_50,interval_score_80,coverage_50,coverage_80,qucoverage_10,qucoverage_25,qucoverage_75,qucoverage_90
bvar_ciss,ngdp_rpch,1.21206961297165,0.507935161439599,0.0904330861367893,0.613701365395261,2.86593676410848,6.11259339425008,0.518181818181818,0.754545454545455,0.209090909090909,0.4,0.918181818181818,0.963636363636364
bvar_ciss,pcpi_pch,0.828510769532354,0.209555946729049,0.421801427641272,0.197153395162033,1.29402326341469,2.3698601305966,0.354545454545455,0.586363636363636,0.213636363636364,0.377272727272727,0.731818181818182,0.8
bvar_qu,ngdp_rpch,1.17989326284752,0.462591954419887,0.0713966690567435,0.645904639370892,2.65644381049424,5.39372121455164,0.52027027027027,0.753378378378378,0.209459459459459,0.415540540540541,0.935810810810811,0.962837837837838
bvar_qu,pcpi_pch,0.706739182540223,0.332020053534311,0.216123560447069,0.158595568558843,1.87849751521882,3.74031663891321,0.530405405405405,0.820945945945946,0.0810810810810811,0.266891891891892,0.797297297297297,0.902027027027027
