model,target,interval_score,dispersion,underprediction,overprediction,coverage_deviation,bias,ae_median,coverage_50,coverage_80
bvar_qu,ngdp_rpch,0.726511579826042,0.296958655903715,0.0413684817734598,0.388184442148866,-0.146173469387755,,,0.410714285714286,0.596938775510204
bvar_qu,pcpi_pch,0.466310742206754,0.359919188927113,0.0256744530538586,0.0807171002257821,0.0872448979591836,,,0.614795918367347,0.859693877551021
