model,target,interval_score,dispersion,underprediction,overprediction,interval_score_50,interval_score_80,unweighted_interval_score,coverage_50,coverage_80,qucoverage_10,qucoverage_25,qucoverage_75,qucoverage_90
ar,ngdp_rpch,0.866739339442938,0.389030377462689,0.0279758445049491,0.4497331174753,4.31151939195528,6.55598830897056,5.43375385046292,0.398809523809524,0.654761904761905,0.279761904761905,0.502976190476191,0.901785714285714,0.934523809523809
ar,pcpi_pch,0.588819355194928,0.466218709293147,0.00906518258502017,0.113535463316761,2.92615058177454,4.46101064946221,3.69358061561837,0.68452380952381,0.913690476190476,0.0595238095238095,0.24702380952381,0.931547619047619,0.973214285714286
ar_bic,ngdp_rpch,0.853075730624336,0.386842926403712,0.0633015513884387,0.402931252832185,4.23089403894791,6.48427951511695,5.35758677703243,0.425595238095238,0.654761904761905,0.273809523809524,0.458333333333333,0.883928571428571,0.928571428571429
ar_bic,pcpi_pch,0.471490451810281,0.359166816136724,0.0261567379000099,0.0861668977735477,2.27645927430762,3.73866085043657,3.0075600623721,0.68452380952381,0.889880952380952,0.0535714285714286,0.145833333333333,0.830357142857143,0.943452380952381
bvar_const,ngdp_rpch,0.801703596065422,0.35354631436398,0.0390111995801859,0.409146082121257,3.94564024728117,6.16997130310551,5.05780577519334,0.43452380952381,0.639880952380952,0.282738095238095,0.443452380952381,0.877976190476191,0.922619047619048
bvar_const,pcpi_pch,0.580818318078884,0.484563903804307,0.0158518507764069,0.0804025634981699,2.82177507724833,4.56192866845686,3.69185187285259,0.6875,0.895833333333333,0.0476190476190476,0.202380952380952,0.889880952380952,0.943452380952381
bvar_qu,ngdp_rpch,0.78956028193405,0.299475943677947,0.0456973026146205,0.444387035641482,3.80926818266448,6.26803518201981,5.03865168234214,0.386904761904762,0.565476190476191,0.330357142857143,0.467261904761905,0.854166666666667,0.895833333333333
bvar_qu,pcpi_pch,0.468716360682754,0.356338153965559,0.0248004477383815,0.0875777589788135,2.29575419732634,3.63494172033923,2.96534795883279,0.601190476190476,0.851190476190476,0.0744047619047619,0.241071428571429,0.842261904761905,0.925595238095238
