model,error_method,method,target,interval_score,dispersion,underprediction,overprediction,coverage_deviation,bias,ae_median,coverage_50,coverage_80
IMF,absolute,rolling window,ngdp_rpch,0.672453082266635,0.314440880495988,0.0640059141924615,0.294006287578185,-0.0339285714285715,,,0.508928571428571,0.723214285714286
IMF,absolute,rolling window,pcpi_pch,0.341610268331614,0.168596805281132,0.110101255285034,0.0629122077654484,-0.0726190476190476,,,0.443452380952381,0.711309523809524
ar,absolute,rolling window,ngdp_rpch,0.865300904871862,0.399551673296264,0.0181401478390573,0.447609083736541,-0.0651785714285715,,,0.446428571428571,0.723214285714286
ar,absolute,rolling window,pcpi_pch,0.552051435991476,0.391672298923721,0.0215670272940332,0.138812109773722,0.0300595238095238,,,0.586309523809524,0.773809523809524
bvar,absolute,rolling window,ngdp_rpch,0.769286369193111,0.323794239895968,0.0335504626074885,0.411941666689655,-0.05625,,,0.455357142857143,0.732142857142857
bvar,absolute,rolling window,pcpi_pch,0.453597354964267,0.299785867325245,0.0490496067156443,0.104761880923377,0.0122023809523809,,,0.556547619047619,0.767857142857143
