model,error_method,method,target,interval_score,dispersion,underprediction,overprediction,coverage_deviation,bias,ae_median,coverage_50,coverage_80
IMF,absolute,rolling window,ngdp_rpch,0.764211776841345,0.274572081935367,0.108817738438144,0.380821956467835,0.00878378378378376,,,0.557432432432433,0.760135135135135
IMF,absolute,rolling window,pcpi_pch,0.579342898198647,0.196938332794867,0.328870529857936,0.0535340355458451,-0.0469594594594595,,,0.496621621621622,0.70945945945946
ar,absolute,rolling window,ngdp_rpch,1.00024000541467,0.403886896380331,0.0680013665179042,0.52835174251643,-0.00135135135135137,,,0.513513513513514,0.783783783783784
ar,absolute,rolling window,pcpi_pch,0.656991373886224,0.332028988352431,0.17931604501141,0.145646340522383,-0.0976351351351352,,,0.422297297297297,0.682432432432433
bvar,absolute,rolling window,ngdp_rpch,0.991484602047623,0.330211390760357,0.0831896945001906,0.578083516787075,-0.00979729729729732,,,0.516891891891892,0.763513513513514
bvar,absolute,rolling window,pcpi_pch,0.606569373765519,0.24129752967563,0.25353388680196,0.111737957287928,-0.122972972972973,,,0.385135135135135,0.668918918918919
