model,error_method,method,target,interval_score,dispersion,underprediction,overprediction,interval_score_50,interval_score_80,coverage_50,coverage_80,qucoverage_10,qucoverage_25,qucoverage_75,qucoverage_90
IMF,absolute,rolling window,ngdp_rpch,0.671712062712333,0.314440880495988,0.0640588961027447,0.2932122861136,1.57818154536352,2.65985938616797,0.508928571428571,0.720238095238095,0.211309523809524,0.345238095238095,0.854166666666667,0.931547619047619
IMF,absolute,rolling window,pcpi_pch,0.341744092286961,0.168596805281132,0.109750066360457,0.0633972206453727,0.862445246846937,1.36906955124301,0.443452380952381,0.711309523809524,0.0892857142857143,0.163690476190476,0.607142857142857,0.800595238095238
ar,absolute,rolling window,ngdp_rpch,0.86949555950465,0.405218218423391,0.0160345538323139,0.448242787248945,2.09902988831864,3.25950223775065,0.440476190476191,0.732142857142857,0.24702380952381,0.476190476190476,0.916666666666667,0.979166666666667
ar,absolute,rolling window,pcpi_pch,0.545346798660529,0.380697220876494,0.0230289727092393,0.141620605074796,2.01884694013797,2.71236384257735,0.577380952380952,0.770833333333333,0.160714285714286,0.291666666666667,0.869047619047619,0.931547619047619
bvar,absolute,rolling window,ngdp_rpch,0.781651609128363,0.335140562671341,0.0314024629180936,0.415108583538929,1.71027443595799,2.81576607336817,0.443452380952381,0.738095238095238,0.229166666666667,0.452380952380952,0.895833333333333,0.967261904761905
bvar,absolute,rolling window,pcpi_pch,0.449126044264702,0.294272030963064,0.0486013440571143,0.106252669244523,1.51385249595258,2.24033671464868,0.5625,0.761904761904762,0.116071428571429,0.223214285714286,0.785714285714286,0.877976190476191
