model,error_method,method,target,interval_score,dispersion,underprediction,overprediction,interval_score_50,interval_score_80,coverage_50,coverage_80,qucoverage_10,qucoverage_25,qucoverage_75,qucoverage_90
IMF,directional,rolling window,ngdp_rpch,0.671418269332902,0.264551925610493,0.144194905060597,0.262671438661812,1.36377959407245,2.23122394273187,0.446428571428571,0.642857142857143,0.214285714285714,0.318452380952381,0.764880952380952,0.857142857142857
IMF,directional,rolling window,pcpi_pch,0.356984925729514,0.13390740950427,0.146298617507807,0.0767788987174377,0.686786593788982,1.1536122671774,0.380952380952381,0.592261904761905,0.12202380952381,0.193452380952381,0.574404761904762,0.714285714285714
ar,directional,rolling window,ngdp_rpch,0.704629268391248,0.236407370922554,0.133709126700816,0.334512770767878,1.24348069565983,2.01279876853714,0.407738095238095,0.636904761904762,0.199404761904762,0.327380952380952,0.735119047619048,0.836309523809524
ar,directional,rolling window,pcpi_pch,0.39013871166556,0.135840548084251,0.15132572543187,0.102972438149439,0.694333579325746,1.19840369309551,0.351190476190476,0.601190476190476,0.139880952380952,0.226190476190476,0.577380952380952,0.741071428571429
bvar,directional,rolling window,ngdp_rpch,0.710783509051925,0.242033251664906,0.158413095906209,0.310337161480811,1.26487699652385,2.07146637515085,0.407738095238095,0.645833333333333,0.172619047619048,0.297619047619048,0.705357142857143,0.818452380952381
bvar,directional,rolling window,pcpi_pch,0.426923022247384,0.143893458565302,0.199795633531818,0.0832339301502636,0.742666884288599,1.26719642149935,0.318452380952381,0.595238095238095,0.113095238095238,0.214285714285714,0.532738095238095,0.708333333333333
mean_ensemble,directional,rolling window,ngdp_rpch,0.647755163054008,0.247664182732651,0.120797951727278,0.279293028594079,1.27718533409282,2.10100282949604,0.455357142857143,0.702380952380952,0.151785714285714,0.300595238095238,0.755952380952381,0.854166666666667
mean_ensemble,directional,rolling window,pcpi_pch,0.351393655334654,0.137880472051274,0.135997761289737,0.0775154219936425,0.696419489410384,1.20301689290448,0.401785714285714,0.660714285714286,0.110119047619048,0.18452380952381,0.586309523809524,0.770833333333333
