model,error_method,method,target,interval_score,dispersion,underprediction,overprediction,coverage_deviation,bias,ae_median,coverage_50,coverage_80
IMF,absolute,rolling window,ngdp_rpch,0.765034953727199,0.274391478835201,0.10888263905388,0.381760835838119,0.00540540540540538,,,0.557432432432433,0.753378378378378
IMF,absolute,rolling window,pcpi_pch,0.579451073224308,0.196938332794867,0.328893895661638,0.0536188447678033,-0.0469594594594595,,,0.496621621621622,0.70945945945946
ar,absolute,rolling window,ngdp_rpch,1.00014847021075,0.403886896380331,0.0682387351610246,0.528022838669396,0.000337837837837816,,,0.513513513513514,0.787162162162162
ar,absolute,rolling window,pcpi_pch,0.656991373886224,0.332028988352431,0.17931604501141,0.145646340522383,-0.0976351351351352,,,0.422297297297297,0.682432432432433
bvar,absolute,rolling window,ngdp_rpch,0.991515544170465,0.330211390760357,0.0834415600491517,0.577862593360957,-0.00979729729729732,,,0.516891891891892,0.763513513513514
bvar,absolute,rolling window,pcpi_pch,0.607232892341391,0.24129752967563,0.25353388680196,0.1124014758638,-0.124662162162162,,,0.385135135135135,0.665540540540541
