model,error_method,method,target,interval_score,dispersion,underprediction,overprediction,interval_score_50,interval_score_80,coverage_50,coverage_80,qucoverage_10,qucoverage_25,qucoverage_75,qucoverage_90
IMF,absolute,rolling window,ngdp_rpch,0.764211776841345,0.274572081935367,0.108817738438144,0.380821956467835,1.32574342712618,2.58133870049703,0.557432432432433,0.760135135135135,0.125,0.233108108108108,0.790540540540541,0.885135135135135
IMF,absolute,rolling window,pcpi_pch,0.579342898198647,0.196938332794867,0.328870529857936,0.0535340355458451,1.04447345782154,1.63778660767278,0.496621621621622,0.70945945945946,0.114864864864865,0.263513513513514,0.760135135135135,0.824324324324324
ar,absolute,rolling window,ngdp_rpch,1.00024000541467,0.403886896380331,0.0680013665179042,0.52835174251643,2.0320294811364,3.49309953446933,0.513513513513514,0.783783783783784,0.182432432432432,0.429054054054054,0.942567567567568,0.966216216216216
ar,absolute,rolling window,pcpi_pch,0.656991373886224,0.332028988352431,0.17931604501141,0.145646340522383,1.74746450349902,2.5581583510554,0.422297297297297,0.682432432432433,0.182432432432432,0.381756756756757,0.804054054054054,0.864864864864865
bvar,absolute,rolling window,ngdp_rpch,0.991484602047623,0.330211390760357,0.0831896945001906,0.578083516787075,1.65099397657078,3.02001774558172,0.516891891891892,0.763513513513514,0.209459459459459,0.422297297297297,0.939189189189189,0.972972972972973
bvar,absolute,rolling window,pcpi_pch,0.606569373765519,0.24129752967563,0.25353388680196,0.111737957287928,1.24540049561818,2.02438753196521,0.385135135135135,0.668918918918919,0.175675675675676,0.35472972972973,0.739864864864865,0.844594594594595
