model,error_method,method,target,interval_score,dispersion,underprediction,overprediction,coverage_deviation,bias,ae_median,coverage_50,coverage_80
IMF,directional,rolling window,ngdp_rpch,0.671418269332902,0.264551925610493,0.144194905060597,0.262671438661812,-0.105357142857143,,,0.446428571428571,0.642857142857143
IMF,directional,rolling window,pcpi_pch,0.356984925729514,0.13390740950427,0.146298617507807,0.0767788987174377,-0.163392857142857,,,0.380952380952381,0.592261904761905
ar,directional,rolling window,ngdp_rpch,0.704629268391248,0.236407370922554,0.133709126700816,0.334512770767878,-0.127678571428571,,,0.407738095238095,0.636904761904762
ar,directional,rolling window,pcpi_pch,0.39013871166556,0.135840548084251,0.15132572543187,0.102972438149439,-0.173809523809524,,,0.351190476190476,0.601190476190476
bvar,directional,rolling window,ngdp_rpch,0.710783509051925,0.242033251664906,0.158413095906209,0.310337161480811,-0.123214285714286,,,0.407738095238095,0.645833333333333
bvar,directional,rolling window,pcpi_pch,0.426923022247384,0.143893458565302,0.199795633531818,0.0832339301502636,-0.193154761904762,,,0.318452380952381,0.595238095238095
