model,error_method,method,target,interval_score,dispersion,underprediction,overprediction,coverage_deviation,bias,ae_median,coverage_50,coverage_80
IMF,absolute,rolling window,ngdp_rpch,0.669997409292247,0.314440880495988,0.0639330321540993,0.291623496642159,-0.0413690476190476,,,0.49702380952381,0.720238095238095
IMF,absolute,rolling window,pcpi_pch,0.341544133750746,0.168596805281132,0.109607569679297,0.0633397587903174,-0.0696428571428572,,,0.4375,0.723214285714286
ar,absolute,rolling window,ngdp_rpch,0.864588938538941,0.399551673296264,0.0179531885001466,0.44708407674253,-0.0651785714285715,,,0.443452380952381,0.726190476190476
ar,absolute,rolling window,pcpi_pch,0.551291174744202,0.391672298923721,0.0211577387225665,0.138461137097914,0.0285714285714286,,,0.580357142857143,0.776785714285714
bvar,absolute,rolling window,ngdp_rpch,0.770408878637077,0.323794239895968,0.0332578679691475,0.413356770771962,-0.0577380952380953,,,0.461309523809524,0.723214285714286
bvar,absolute,rolling window,pcpi_pch,0.453314733640775,0.299785867325245,0.0486448655972041,0.104884000718325,0.0122023809523809,,,0.556547619047619,0.767857142857143
