model,error_method,method,target,interval_score,dispersion,underprediction,overprediction,coverage_deviation,bias,ae_median,coverage_50,coverage_80
IMF,absolute,rolling window,ngdp_rpch,0.671712062712333,0.314440880495988,0.0640588961027447,0.2932122861136,-0.0354166666666667,,,0.508928571428571,0.720238095238095
IMF,absolute,rolling window,pcpi_pch,0.341744092286961,0.168596805281132,0.109750066360457,0.0633972206453727,-0.0726190476190476,,,0.443452380952381,0.711309523809524
ar,absolute,rolling window,ngdp_rpch,0.86949555950465,0.405218218423391,0.0160345538323139,0.448242787248945,-0.0636904761904762,,,0.440476190476191,0.732142857142857
ar,absolute,rolling window,pcpi_pch,0.545346798660529,0.380697220876494,0.0230289727092393,0.141620605074796,0.0241071428571428,,,0.577380952380952,0.770833333333333
bvar,absolute,rolling window,ngdp_rpch,0.781651609128363,0.335140562671341,0.0314024629180936,0.415108583538929,-0.0592261904761905,,,0.443452380952381,0.738095238095238
bvar,absolute,rolling window,pcpi_pch,0.449126044264702,0.294272030963064,0.0486013440571143,0.106252669244523,0.0122023809523809,,,0.5625,0.761904761904762
