model,target,interval_score,dispersion,underprediction,overprediction,interval_score_50,interval_score_80,unweighted_interval_score,coverage_50,coverage_80,qucoverage_10,qucoverage_25,qucoverage_75,qucoverage_90
ar_annual,ngdp_rpch,1.80819319078666,0.56027729928857,0.426323299715009,0.821592591783083,7.93981215736741,13.5310625397523,10.7354373485598,0.557142857142857,0.766666666666667,0.14047619047619,0.273809523809524,0.830952380952381,0.907142857142857
ar_annual,pcpi_pch,1.4297164918936,0.585991312729544,0.412378216200389,0.431346962963671,6.42795342267806,10.2878493319118,8.35790137729493,0.495238095238095,0.761904761904762,0.128571428571429,0.323809523809524,0.819047619047619,0.890476190476191
arx_annual,ngdp_rpch,1.33776370692514,0.388141380211042,0.292931548279657,0.656690778434443,5.85246892872034,9.94413868328538,7.89830380600286,0.521428571428571,0.738095238095238,0.152380952380952,0.261904761904762,0.783333333333333,0.890476190476191
arx_annual,pcpi_pch,1.07858806823261,0.374861025176366,0.335047535802865,0.368679507253377,4.82311735853905,7.93412090982609,6.37861913418257,0.483333333333333,0.730952380952381,0.15,0.302380952380952,0.785714285714286,0.880952380952381
