model,error_method,method,target,interval_score,dispersion,underprediction,overprediction,interval_score_50,interval_score_80,unweighted_interval_score,coverage_50,coverage_80,qucoverage_10,qucoverage_25,qucoverage_75,qucoverage_90
IMF,absolute,rolling window,ngdp_rpch,0.90320680864167,0.52881700944963,0.119939833930018,0.254449965262022,4.47068530924777,6.88742289971397,5.67905410448087,0.5375,0.766666666666667,0.120833333333333,0.252083333333333,0.789583333333333,0.8875
IMF,absolute,rolling window,pcpi_pch,3.12386712797586,2.92305316168854,0.150244840286917,0.0505691260003997,4.75152495575049,50.598530170141,27.6750275629457,0.6375,0.835416666666667,0.0645833333333333,0.139583333333333,0.777083333333333,0.9
