model,error_method,method,target,horizon,interval_score,dispersion,underprediction,overprediction,interval_score_50,interval_score_80,unweighted_interval_score,coverage_50,coverage_80,qucoverage_10,qucoverage_25,qucoverage_75,qucoverage_90
IMF,absolute,rolling window,ngdp_rpch,0,0.345227618285369,0.252735866550575,0.0520753075252093,0.0404164442095852,1.73865129407666,2.55792413051574,2.1482877122962,0.591666666666667,0.816666666666667,0.0583333333333333,0.158333333333333,0.75,0.875
IMF,absolute,rolling window,ngdp_rpch,0.5,0.71900308664868,0.497731551493206,0.115657417079185,0.10561411807629,3.59171473967448,5.4007748837874,4.49624481173094,0.566666666666667,0.816666666666667,0.075,0.216666666666667,0.783333333333333,0.891666666666667
IMF,absolute,rolling window,ngdp_rpch,1,1.17514131486221,0.66855187853832,0.107534767611735,0.399054668712157,5.80171664046875,8.99853469607236,7.40012566827056,0.516666666666667,0.741666666666667,0.175,0.308333333333333,0.825,0.916666666666667
IMF,absolute,rolling window,ngdp_rpch,1.5,1.37345521477042,0.696248741216419,0.204491843503944,0.472714630050055,6.75065856277121,10.5924578884803,8.67155822562577,0.475,0.691666666666667,0.175,0.325,0.8,0.866666666666667
IMF,absolute,rolling window,pcpi_pch,0,0.836217716382664,0.774745008542786,0.0244606522538629,0.0370120555860153,1.61336576448733,12.690939916435,7.15215284046114,0.65,0.875,0.0916666666666667,0.225,0.875,0.966666666666667
IMF,absolute,rolling window,pcpi_pch,0.5,2.48538048895848,2.33380101698826,0.130082126703082,0.0214973452671376,3.26205725249469,41.5524666479329,22.4072619502138,0.658333333333333,0.85,0.025,0.108333333333333,0.766666666666667,0.875
IMF,absolute,rolling window,pcpi_pch,1,4.10051036768974,3.82641993788979,0.194751763600547,0.0793386661994025,6.23030202809027,66.4344522835691,36.3323771558297,0.65,0.8,0.075,0.1,0.75,0.875
IMF,absolute,rolling window,pcpi_pch,1.5,5.07335993887255,4.75724668333333,0.251684818590176,0.0644284369490432,7.90037477792966,81.7162618326267,44.8083183052782,0.591666666666667,0.816666666666667,0.0666666666666667,0.125,0.716666666666667,0.883333333333333
