model,target,interval_score,dispersion,underprediction,overprediction,interval_score_50,interval_score_80,unweighted_interval_score,coverage_50,coverage_80,qucoverage_10,qucoverage_25,qucoverage_75,qucoverage_90
ar_annual,ngdp_rpch,1.80819319078666,0.56027729928857,0.426323299715009,0.821592591783083,7.93981215736741,13.5310625397523,10.7354373485598,0.557142857142857,0.766666666666667,0.14047619047619,0.273809523809524,0.830952380952381,0.907142857142857
ar_annual,pcpi_pch,1.4297164918936,0.585991312729544,0.412378216200389,0.431346962963671,6.42795342267806,10.2878493319118,8.35790137729493,0.495238095238095,0.761904761904762,0.128571428571429,0.323809523809524,0.819047619047619,0.890476190476191
arx_annual,ngdp_rpch,1.64069040725517,0.278933096223175,0.665910987369919,0.695846323662076,6.96172771113679,13.4321174346362,10.1969225728865,0.428571428571429,0.657142857142857,0.180952380952381,0.319047619047619,0.747619047619048,0.838095238095238
arx_annual,pcpi_pch,1.11912815482392,0.228298265944844,0.462899443936097,0.427930444942983,4.82256447460008,9.16592251467699,6.99424349463854,0.414285714285714,0.626190476190476,0.19047619047619,0.314285714285714,0.728571428571429,0.816666666666667
