model,error_method,method,target,horizon,interval_score,dispersion,underprediction,overprediction,interval_score_50,interval_score_80,unweighted_interval_score,coverage_50,coverage_80,qucoverage_10,qucoverage_25,qucoverage_75,qucoverage_90
IMF,absolute,rolling window,ngdp_rpch,0,0.375526442599327,0.145375414925073,0.194379837400309,0.0357711902739449,1.74473416487564,3.14869343979745,2.44671380233654,0.563636363636364,0.745454545454546,0.0545454545454545,0.136363636363636,0.7,0.8
IMF,absolute,rolling window,ngdp_rpch,0.5,0.72887927632966,0.299610399088036,0.23702450833767,0.192244368903954,3.48162150876512,5.87353175468039,4.67757663172275,0.554545454545455,0.745454545454546,0.109090909090909,0.172727272727273,0.727272727272727,0.854545454545455
IMF,absolute,rolling window,ngdp_rpch,1,1.20531499559872,0.470399870024513,0.0915361291344313,0.643378996439781,5.66287048077779,9.94912371003001,7.8059970954039,0.572727272727273,0.790909090909091,0.163636363636364,0.272727272727273,0.845454545454546,0.954545454545455
IMF,absolute,rolling window,ngdp_rpch,1.5,1.34315638872605,0.588731705156141,0.0608817986293926,0.693542884940521,6.37839614577518,10.9171374100832,8.64776677792917,0.590909090909091,0.790909090909091,0.2,0.3,0.890909090909091,0.990909090909091
IMF,absolute,rolling window,pcpi_pch,0,0.183087868655525,0.103797118035577,0.0374322693302556,0.041858481289693,0.927111209481292,1.34397934940728,1.13554527944429,0.572727272727273,0.754545454545455,0.127272727272727,0.254545454545455,0.827272727272727,0.881818181818182
IMF,absolute,rolling window,pcpi_pch,0.5,0.58991287518074,0.213095139960504,0.249673246570849,0.127144488649387,2.78930717676181,4.82498956171029,3.80714836923605,0.409090909090909,0.663636363636364,0.127272727272727,0.327272727272727,0.736363636363636,0.790909090909091
IMF,absolute,rolling window,pcpi_pch,1,1.06827947830584,0.45891618516611,0.503450659132444,0.105912634007284,5.11869006757011,8.56886439719149,6.8437772323808,0.527272727272727,0.745454545454546,0.0636363636363636,0.227272727272727,0.754545454545455,0.809090909090909
IMF,absolute,rolling window,pcpi_pch,1.5,1.28921583608965,0.546362609504332,0.589445848436335,0.153407378148986,6.15076387034994,10.4074070459182,8.27908545813407,0.536363636363636,0.7,0.1,0.209090909090909,0.745454545454546,0.8
