model,error_method,method,target,interval_score,dispersion,underprediction,overprediction,interval_score_50,interval_score_80,unweighted_interval_score,coverage_50,coverage_80,qucoverage_10,qucoverage_25,qucoverage_75,qucoverage_90
IMF,absolute,rolling window,ngdp_rpch,0.87895135914415,0.351763790844584,0.137985904943429,0.389201663356137,1.72878204102491,3.1563845360419,2.4425832885334,0.565909090909091,0.770454545454546,0.131818181818182,0.236363636363636,0.802272727272727,0.902272727272727
IMF,absolute,rolling window,pcpi_pch,0.76905894112726,0.354530863017323,0.300572212969342,0.113955865140595,1.80147432691284,2.93339684042785,2.36743558367035,0.522727272727273,0.736363636363636,0.115909090909091,0.277272727272727,0.8,0.852272727272727
