model,target,interval_score,dispersion,underprediction,overprediction,interval_score_50,interval_score_80,unweighted_interval_score,coverage_50,coverage_80,qucoverage_10,qucoverage_25,qucoverage_75,qucoverage_90
ar_annual,ngdp_rpch,1.75969642683444,0.573786592160296,0.415683421014422,0.77022641365972,7.80595722347114,13.2260994202785,10.5160283218748,0.576190476190476,0.766666666666667,0.14047619047619,0.264285714285714,0.840476190476191,0.907142857142857
ar_annual,pcpi_pch,1.60464758560466,0.674994527627389,0.407530948030528,0.52212210994674,6.95399054937925,11.2548388473499,9.10441469836455,0.485714285714286,0.761904761904762,0.128571428571429,0.333333333333333,0.819047619047619,0.890476190476191
