model,error_method,method,target,interval_score,dispersion,underprediction,overprediction,interval_score_50,interval_score_80,unweighted_interval_score,coverage_50,coverage_80,qucoverage_10,qucoverage_25,qucoverage_75,qucoverage_90
IMF,absolute,rolling window,ngdp_rpch,0.915531046503183,0.376029347298441,0.148297119987891,0.391204579216852,4.33006899208173,7.48544844985934,5.90775872097054,0.572727272727273,0.765909090909091,0.131818181818182,0.218181818181818,0.790909090909091,0.897727272727273
IMF,absolute,rolling window,pcpi_pch,0.782699581204164,0.330542763166631,0.345076462515234,0.107080355522299,3.74688568945614,6.28677740044293,5.01683154494954,0.511363636363636,0.715909090909091,0.104545454545455,0.254545454545455,0.765909090909091,0.820454545454546
