model,target,interval_score,dispersion,underprediction,overprediction,interval_score_50,interval_score_80,unweighted_interval_score,coverage_50,coverage_80,qucoverage_10,qucoverage_25,qucoverage_75,qucoverage_90
ar_annual,ngdp_rpch,1.63707709651962,0.705804981540712,0.304127036982717,0.627145077996186,7.80637881318533,13.225594897429,10.5159868553072,0.552272727272727,0.768181818181818,0.143181818181818,0.279545454545455,0.831818181818182,0.911363636363636
ar_annual,pcpi_pch,1.30272647429584,0.741066006374447,0.319939708205605,0.241720759715789,6.358081554223,10.1593256003593,8.25870357729116,0.5,0.763636363636364,0.131818181818182,0.327272727272727,0.827272727272727,0.895454545454546
arx_annual,ngdp_rpch,1.21221097824836,0.494605378025106,0.202229138021739,0.515376462201512,5.77936528300664,9.79580635745055,7.7875858202286,0.527272727272727,0.738636363636364,0.15,0.263636363636364,0.790909090909091,0.888636363636364
arx_annual,pcpi_pch,0.993726454868542,0.481613864328945,0.263242661618785,0.248869928920812,4.79922884453573,7.87645698603152,6.33784291528363,0.486363636363636,0.734090909090909,0.15,0.304545454545455,0.790909090909091,0.884090909090909
