model,target,horizon,interval_score,dispersion,underprediction,overprediction,interval_score_50,interval_score_80,unweighted_interval_score,coverage_50,coverage_80,qucoverage_10,qucoverage_25,qucoverage_75,qucoverage_90
ar_annual,ngdp_rpch,0,1.7325132072373,0.555418620751425,0.452045985542128,0.725048600943747,3.45822170559394,6.1062319554809,4.78222683053742,0.6,0.790909090909091,0.127272727272727,0.254545454545455,0.854545454545455,0.918181818181818
ar_annual,ngdp_rpch,0.5,1.74836850377197,0.555490095106627,0.464973652822004,0.727904755843338,3.46298288956945,6.1081045476843,4.78554371862687,0.581818181818182,0.781818181818182,0.127272727272727,0.263636363636364,0.845454545454546,0.909090909090909
ar_annual,ngdp_rpch,1,1.77663516549924,0.593824029624511,0.364872041397187,0.817939094477545,3.67550087129446,6.5186002238252,5.09705054755983,0.56,0.75,0.15,0.27,0.83,0.9
ar_annual,ngdp_rpch,1.5,1.7851199450952,0.594080070004875,0.372276724662839,0.818763150427486,3.67916063094251,6.52207803897013,5.10061933495632,0.56,0.74,0.16,0.27,0.83,0.9
ar_annual,pcpi_pch,0,15.0605076454727,13.9354687346339,0.252295888569151,0.872743022269583,79.7873809560554,151.427173799478,115.607277377767,0.654545454545455,0.836363636363636,0.0818181818181818,0.218181818181818,0.872727272727273,0.918181818181818
ar_annual,pcpi_pch,0.5,15.0633432050304,13.9353865509291,0.253608440047453,0.874348214053829,79.7875533041222,151.426281123704,115.606917213913,0.654545454545455,0.836363636363636,0.0818181818181818,0.218181818181818,0.872727272727273,0.918181818181818
ar_annual,pcpi_pch,1,17.1782159816053,15.3561534127976,0.328491809571141,1.49357075923653,87.9457863957408,166.868310534423,127.407048465082,0.59,0.82,0.1,0.28,0.87,0.92
ar_annual,pcpi_pch,1.5,17.1761900804892,15.3560258308753,0.328445910058851,1.49171833955505,87.9443789838536,166.866927397878,127.405653190866,0.59,0.82,0.1,0.28,0.87,0.92
