model,target,horizon,interval_score,dispersion,underprediction,overprediction,interval_score_50,interval_score_80,unweighted_interval_score,coverage_50,coverage_80,qucoverage_10,qucoverage_25,qucoverage_75,qucoverage_90
ar_annual,ngdp_rpch,0,1.7325132072373,0.555418620751425,0.452045985542128,0.725048600943747,7.69206484049077,13.2142775370803,10.4531711887855,0.6,0.790909090909091,0.127272727272727,0.254545454545455,0.854545454545455,0.918181818181818
ar_annual,ngdp_rpch,0.5,1.74836850377197,0.555490095106627,0.464973652822004,0.727904755843338,7.76211327071135,13.3246588573797,10.5433860640455,0.581818181818182,0.781818181818182,0.127272727272727,0.263636363636364,0.845454545454546,0.909090909090909
ar_annual,ngdp_rpch,1,1.77663516549924,0.593824029624511,0.364872041397187,0.817939094477545,7.87441470555082,13.1422016746574,10.5083081901041,0.56,0.75,0.15,0.27,0.83,0.9
ar_annual,ngdp_rpch,1.5,1.7851199450952,0.594080070004875,0.372276724662839,0.818763150427486,7.91100971070562,13.2145858566064,10.562797783656,0.56,0.74,0.16,0.27,0.83,0.9
ar_annual,pcpi_pch,0,1.47089959452637,0.642893957116547,0.363791582293524,0.464214055116298,6.43287459343945,10.539518961196,8.48619677731772,0.518181818181818,0.772727272727273,0.118181818181818,0.309090909090909,0.827272727272727,0.890909090909091
ar_annual,pcpi_pch,0.5,1.47375896475624,0.642814241455985,0.365114577948703,0.465830145351547,6.44273906084903,10.5387245666572,8.49073181375311,0.518181818181818,0.772727272727273,0.118181818181818,0.309090909090909,0.827272727272727,0.890909090909091
ar_annual,pcpi_pch,1,1.75120852754349,0.710411973444801,0.454930129159255,0.585866424939436,7.52756868393042,12.0426657575774,9.78511722075392,0.45,0.75,0.14,0.36,0.81,0.89
ar_annual,pcpi_pch,1.5,1.7491869167852,0.710286024160447,0.454903076302514,0.583997816322242,7.51601660374511,12.0415895206535,9.77880306219931,0.45,0.75,0.14,0.36,0.81,0.89
