model,error_method,method,target,horizon,interval_score,dispersion,underprediction,overprediction,interval_score_50,interval_score_80,unweighted_interval_score,coverage_50,coverage_80,qucoverage_10,qucoverage_25,qucoverage_75,qucoverage_90
IMF,absolute,rolling window,ngdp_rpch,0,0.378393670608668,0.145375414925073,0.197152861071869,0.0358653946117249,1.75902576061052,3.17030901064704,2.46466738562878,0.554545454545455,0.736363636363636,0.0545454545454545,0.136363636363636,0.690909090909091,0.790909090909091
IMF,absolute,rolling window,ngdp_rpch,0.5,0.732172364380728,0.299610399088036,0.240223392050959,0.192338573241734,3.49937157367273,5.89501835343275,4.69719496355274,0.563636363636364,0.745454545454546,0.109090909090909,0.172727272727273,0.736363636363636,0.854545454545455
IMF,absolute,rolling window,ngdp_rpch,1,1.20797107824886,0.470399870024513,0.0943423735759587,0.643228834648393,5.68141949326558,9.95587283181334,7.81864616253946,0.581818181818182,0.790909090909091,0.163636363636364,0.263636363636364,0.845454545454546,0.954545454545455
IMF,absolute,rolling window,ngdp_rpch,1.5,1.34358707277447,0.588731705156141,0.0614698532527763,0.693385514365555,6.3804591407781,10.9205936035442,8.65052637216115,0.590909090909091,0.790909090909091,0.2,0.3,0.890909090909091,0.990909090909091
IMF,absolute,rolling window,pcpi_pch,0,0.183108578104135,0.103797118035577,0.0374533687804039,0.0418580912881545,0.927278445076325,1.34397544939189,1.13562694723411,0.572727272727273,0.754545454545455,0.127272727272727,0.254545454545455,0.827272727272727,0.881818181818182
IMF,absolute,rolling window,pcpi_pch,0.5,0.589912485179202,0.213095139960504,0.249673246570849,0.127144098647849,2.78930561675565,4.8249856616949,3.80714563922528,0.409090909090909,0.663636363636364,0.127272727272727,0.327272727272727,0.736363636363636,0.790909090909091
IMF,absolute,rolling window,pcpi_pch,1,1.0683733306846,0.45891618516611,0.503544901512745,0.105912244005746,5.11944244660637,8.56886049717611,6.84415147189124,0.527272727272727,0.745454545454546,0.0636363636363636,0.227272727272727,0.754545454545455,0.809090909090909
IMF,absolute,rolling window,pcpi_pch,1.5,1.28940393084872,0.546362609504332,0.589634333196937,0.153406988147447,6.15151624938619,10.4092879935088,8.28040212144752,0.536363636363636,0.7,0.1,0.209090909090909,0.745454545454546,0.8
