model,error_method,method,target,interval_score,dispersion,underprediction,overprediction,coverage_deviation,bias,ae_median,coverage_10,coverage_20,coverage_40,coverage_50,coverage_60,coverage_80,coverage_90
IMF,directional,rolling window,ngdp_rpch,,,,0.32648221432068,,,,0.107142857142857,,,,0.514880952380952,,0.755952380952381
IMF,directional,rolling window,pcpi_pch,,,,0.0933527492905978,,,,0.0773809523809524,,,,0.458333333333333,,0.720238095238095
ar,directional,rolling window,ngdp_rpch,,,,0.393559958860363,,,,0.0773809523809524,,,,0.485119047619048,,0.755952380952381
ar,directional,rolling window,pcpi_pch,,,,0.126749564920467,,,,0.0386904761904762,,,,0.419642857142857,,0.708333333333333
bvar,directional,rolling window,ngdp_rpch,,,,0.367215668014105,,,,0.0714285714285714,,,,0.488095238095238,,0.75
bvar,directional,rolling window,pcpi_pch,,,,0.105687111999298,,,,0.0416666666666667,,,,0.383928571428571,,0.711309523809524
