model,target,interval_score,dispersion,underprediction,overprediction,interval_score_50,interval_score_80,unweighted_interval_score,coverage_50,coverage_80,qucoverage_10,qucoverage_25,qucoverage_75,qucoverage_90
ar_annual,ngdp_rpch,1.75969642683444,0.573786592160296,0.415683421014422,0.77022641365972,7.80595722347114,13.2260994202785,10.5160283218748,0.576190476190476,0.766666666666667,0.14047619047619,0.264285714285714,0.840476190476191,0.907142857142857
ar_annual,pcpi_pch,1.60464758560466,0.674994527627389,0.407530948030528,0.52212210994674,6.95399054937925,11.2548388473499,9.10441469836455,0.485714285714286,0.761904761904762,0.128571428571429,0.333333333333333,0.819047619047619,0.890476190476191
arx_annual,ngdp_rpch,1.54496470801675,0.272906343668873,0.596883366923091,0.675174997424784,6.55508115393111,12.6524926862247,9.60378692007791,0.452380952380952,0.678571428571429,0.171428571428571,0.314285714285714,0.766666666666667,0.85
arx_annual,pcpi_pch,1.1084120077975,0.245531644256092,0.427322943219604,0.435557420321808,4.78204755087914,9.01663699764945,6.89934227426429,0.416666666666667,0.65,0.183333333333333,0.328571428571429,0.745238095238095,0.833333333333333
