model,target,interval_score,dispersion,underprediction,overprediction,interval_score_50,interval_score_80,unweighted_interval_score,coverage_50,coverage_80,qucoverage_10,qucoverage_25,qucoverage_75,qucoverage_90
ar_annual,ngdp_rpch,1.75969642683444,0.573786592160296,0.415683421014422,0.77022641365972,3.5638063230754,6.30391628958978,4.93386130633259,0.576190476190476,0.766666666666667,0.14047619047619,0.264285714285714,0.840476190476191,0.907142857142857
ar_annual,pcpi_pch,16.0692004756304,14.6119333470934,0.288912495501966,1.16835463303508,83.6720459680453,158.779532939953,121.225789453999,0.623809523809524,0.828571428571429,0.0904761904761905,0.247619047619048,0.871428571428572,0.919047619047619
