model,target,interval_score,dispersion,underprediction,overprediction,interval_score_50,interval_score_80,unweighted_interval_score,coverage_50,coverage_80,qucoverage_10,qucoverage_25,qucoverage_75,qucoverage_90
ar_annual,ngdp_rpch,1.66938432387022,0.70482958689324,0.318609276839037,0.645945460137948,7.94283156231889,13.5306075716073,10.7367195669631,0.55,0.766666666666667,0.14047619047619,0.273809523809524,0.823809523809524,0.907142857142857
ar_annual,pcpi_pch,1.31808410465574,0.737177849965798,0.335174932405872,0.245731322284071,6.42874326357963,10.2898239341657,8.35928359887268,0.495238095238095,0.761904761904762,0.128571428571429,0.323809523809524,0.819047619047619,0.890476190476191
arx_annual,ngdp_rpch,1.23137945568932,0.488282371992761,0.207113369646795,0.535983714049761,5.86856954674838,9.9561652469154,7.91236739683189,0.523809523809524,0.733333333333333,0.152380952380952,0.25952380952381,0.783333333333333,0.885714285714286
arx_annual,pcpi_pch,0.999796716939409,0.471575667714768,0.275035895652532,0.253185153572109,4.82413299090866,7.93560186151654,6.3798674262126,0.483333333333333,0.730952380952381,0.15,0.302380952380952,0.785714285714286,0.880952380952381
