model,error_method,method,target,interval_score,dispersion,underprediction,overprediction,interval_score_50,interval_score_80,unweighted_interval_score,coverage_50,coverage_80,qucoverage_10,qucoverage_25,qucoverage_75,qucoverage_90
IMF,absolute,rolling window,ngdp_rpch,0.87895135914415,0.351763790844584,0.137985904943429,0.389201663356137,4.14039852711473,7.22803086509619,5.68421469610546,0.565909090909091,0.770454545454546,0.131818181818182,0.236363636363636,0.802272727272727,0.902272727272727
IMF,absolute,rolling window,pcpi_pch,0.76905894112726,0.354530863017323,0.300572212969342,0.113955865140595,3.68404419649508,6.17106833130751,4.9275562639013,0.522727272727273,0.736363636363636,0.115909090909091,0.277272727272727,0.8,0.852272727272727
