model,error_method,method,target,interval_score,dispersion,underprediction,overprediction,coverage_deviation,bias,ae_median,coverage_10,coverage_20,coverage_30,coverage_40,coverage_50,coverage_60,coverage_70,coverage_80,coverage_90
IMF,absolute,rolling window,ngdp_rpch,0.759206219662692,0.29012491405643,0.0951161217939163,0.373965183812346,0.00165343915343915,,,0.175595238095238,0.235119047619048,0.348214285714286,0.4375,0.514880952380952,0.580357142857143,0.675595238095238,0.735119047619048,0.8125
IMF,absolute,rolling window,pcpi_pch,0.399599782515353,0.152733755217162,0.164968007084162,0.0818980202140288,-0.0327380952380952,,,0.18452380952381,0.25,0.321428571428571,0.37797619047619,0.446428571428571,0.532738095238095,0.619047619047619,0.696428571428571,0.776785714285714
ar,absolute,rolling window,ngdp_rpch,1.00840617457251,0.398615712887665,0.0301843429460604,0.579606118738783,-0.0400132275132275,,,0.142857142857143,0.220238095238095,0.297619047619048,0.357142857142857,0.446428571428571,0.529761904761905,0.62202380952381,0.729166666666667,0.794642857142857
ar,absolute,rolling window,pcpi_pch,0.657325256148917,0.42869197311328,0.0348751890273759,0.193758094008261,0.0595238095238095,,,0.226190476190476,0.336309523809524,0.422619047619048,0.5,0.580357142857143,0.642857142857143,0.717261904761905,0.770833333333333,0.839285714285714
bvar,absolute,rolling window,ngdp_rpch,0.887895552139255,0.311013886774086,0.0528512777306931,0.524030387634475,-0.0224867724867725,,,0.163690476190476,0.211309523809524,0.288690476190476,0.386904761904762,0.470238095238095,0.568452380952381,0.654761904761905,0.735119047619048,0.818452380952381
bvar,absolute,rolling window,pcpi_pch,0.525705916039202,0.304979083276624,0.0705596721337838,0.150167160628795,0.0578703703703704,,,0.223214285714286,0.351190476190476,0.419642857142857,0.502976190476191,0.5625,0.645833333333333,0.705357142857143,0.764880952380952,0.845238095238095
