model,error_method,method,target,interval_score,dispersion,underprediction,overprediction,coverage_deviation,bias,ae_median,coverage_50,coverage_80
IMF,absolute,rolling window,ngdp_rpch,0.726306077143825,0.370067535355914,0.0821163401450006,0.27412220164291,0.0151785714285714,,,0.55952380952381,0.770833333333333
IMF,absolute,rolling window,pcpi_pch,0.312264229451174,0.172568087322442,0.0734452306857751,0.0662509114429574,-0.030952380952381,,,0.502976190476191,0.735119047619048
ar,absolute,rolling window,ngdp_rpch,0.817644811290649,0.354834197966074,0.0106536611295528,0.452156952195022,-0.0651785714285715,,,0.449404761904762,0.720238095238095
ar,absolute,rolling window,pcpi_pch,0.53979633827409,0.389410112596007,0.0111971865596365,0.139189039118447,0.0270833333333333,,,0.586309523809524,0.767857142857143
bvar,absolute,rolling window,ngdp_rpch,0.729086213194569,0.28229063703313,0.0312457386987698,0.415549837462669,-0.0636904761904762,,,0.467261904761905,0.705357142857143
bvar,absolute,rolling window,pcpi_pch,0.435972263115606,0.296784307199147,0.0297719075714677,0.109416048344991,0.0270833333333333,,,0.598214285714286,0.755952380952381
