model,target,interval_score,dispersion,underprediction,overprediction,coverage_deviation,bias,ae_median,coverage_50,coverage_80
bvar_ciss,ngdp_rpch,0.713681578129567,0.301725884794733,0.136144818921361,0.275810874413472,-0.0152173913043478,,,0.504347826086957,0.765217391304348
bvar_ciss,pcpi_pch,0.340153841154028,0.223502878154643,0.0180934334553769,0.0985575295440081,0.0891304347826087,,,0.630434782608696,0.847826086956522
bvar_qu,ngdp_rpch,0.648752652333714,0.301408486232649,0.0238601339063945,0.323484032194671,-0.0166666666666667,,,0.498412698412698,0.768253968253968
bvar_qu,pcpi_pch,0.481740570440028,0.362929134929068,0.00669807768216741,0.112113357828793,0.105555555555556,,,0.6,0.911111111111111
