model,target,interval_score,dispersion,underprediction,overprediction,coverage_deviation,bias,ae_median,coverage_50,coverage_80
bvar_ciss,ngdp_rpch,1.08947238601762,0.641741211496263,0.0803906682158526,0.367340506305502,0.138636363636364,,,0.695454545454545,0.881818181818182
bvar_ciss,pcpi_pch,0.578651732117244,0.259753857585757,0.204131630329295,0.114766244202192,-0.140909090909091,,,0.359090909090909,0.659090909090909
bvar_qu,ngdp_rpch,1.03385372235986,0.579119095551466,0.0657514913786201,0.388983135429779,0.108445945945946,,,0.655405405405405,0.861486486486487
bvar_qu,pcpi_pch,0.53418792808032,0.412071068802374,0.060952521721913,0.0611643375560333,0.0611486486486486,,,0.557432432432433,0.864864864864865
