model,target,interval_score,dispersion,underprediction,overprediction,coverage_deviation,bias,ae_median,coverage_50,coverage_80
bvar_ciss,ngdp_rpch,0.713681578129567,0.301725884794733,0.136144818921361,0.275810874413472,-0.0152173913043478,,,0.504347826086957,0.765217391304348
bvar_ciss,pcpi_pch,0.340153841154028,0.223502878154643,0.0180934334553769,0.0985575295440081,0.0891304347826087,,,0.630434782608696,0.847826086956522
bvar_qu,ngdp_rpch,0.71275008304209,0.299475943677949,0.0182328229973532,0.395041316366788,-0.0264880952380953,,,0.482142857142857,0.764880952380952
bvar_qu,pcpi_pch,0.45552533508696,0.356338153965556,0.00567998364626663,0.0935071974751372,0.120833333333333,,,0.642857142857143,0.898809523809524
