model,error_method,method,target,interval_score,dispersion,underprediction,overprediction,coverage_deviation,bias,ae_median,coverage_50,coverage_80
IMF,absolute,rolling window,ngdp_rpch,0.838950847256687,0.306265019128599,0.217947386056321,0.314738442071767,-0.00641891891891894,,,0.533783783783784,0.753378378378378
IMF,absolute,rolling window,pcpi_pch,0.534074476757927,0.17920596731896,0.258346086768284,0.0965224226706835,-0.0993243243243244,,,0.439189189189189,0.662162162162162
ar,absolute,rolling window,ngdp_rpch,0.932395481057939,0.355432954962558,0.145900651040518,0.431061875054863,-0.0165540540540541,,,0.513513513513514,0.753378378378378
ar,absolute,rolling window,pcpi_pch,0.562271930963762,0.340307621222634,0.0937723664671919,0.128191943273936,-0.101013513513514,,,0.439189189189189,0.658783783783784
bvar,absolute,rolling window,ngdp_rpch,0.870900339043163,0.286571758026208,0.137153746415703,0.447174834601251,-0.00304054054054056,,,0.547297297297297,0.746621621621622
bvar,absolute,rolling window,pcpi_pch,0.506196609131699,0.235654130675242,0.162445221304909,0.108097257151548,-0.133108108108108,,,0.385135135135135,0.648648648648649
