model,target,horizon,interval_score,dispersion,underprediction,overprediction,coverage_deviation,bias,ae_median,coverage_50,coverage_80
bvar,ngdp_rpch,0,0.384345405014962,0.0513839823518953,0.10249693937849,0.230464483284577,-0.471428571428571,,,0.13265306122449,0.224489795918367
bvar,ngdp_rpch,0.5,0.495570723735845,0.230600586094166,0.044046996774364,0.220923140867315,-0.0938775510204082,,,0.428571428571429,0.683673469387755
bvar,ngdp_rpch,1,0.91317683246261,0.421987951326483,0.00663360923593367,0.484555271900194,-0.00714285714285717,,,0.540816326530612,0.744897959183674
bvar,ngdp_rpch,1.5,1.11295335809075,0.483862103842318,0.0122963817050521,0.61679487254338,-0.0122448979591837,,,0.540816326530612,0.73469387755102
bvar,pcpi_pch,0,0.129110401427576,0.042622583480879,0.064919741184205,0.0215680767624916,-0.114285714285714,,,0.428571428571429,0.642857142857143
bvar,pcpi_pch,0.5,0.288974809451615,0.234767147402072,0.0301184007409862,0.0240892613085561,0.161224489795918,,,0.693877551020408,0.928571428571429
bvar,pcpi_pch,1,0.63513853916231,0.502771262191316,0.00681846682290429,0.125548810148089,0.161224489795918,,,0.683673469387755,0.938775510204082
bvar,pcpi_pch,1.5,0.812019218785514,0.659515762634183,0.000841203467338826,0.151662252683991,0.140816326530612,,,0.653061224489796,0.928571428571429
